Series Name,Series Code,Country Name,Country Code,1990 [YR1990],2005 [YR2005],2006 [YR2006],2007 [YR2007],2008 [YR2008],2009 [YR2009],2010 [YR2010],2011 [YR2011],2012 [YR2012],2013 [YR2013],2014 [YR2014],2015 [YR2015],2016 [YR2016],2017 [YR2017],2018 [YR2018],2019 [YR2019],2020 [YR2020],2021 [YR2021]
CO2 emissions (kt),EN.ATM.CO2E.KT,United States,USA,4844520,5753490.234375,5653080.078125,5736319.82421875,5558379.8828125,5156430.17578125,5392109.86328125,5173600.09765625,4956060.05859375,5092100.09765625,5107209.9609375,4990709.9609375,4894500,4819370.1171875,4975310.05859375,4817720.21484375,..,..
CO2 emissions (kt),EN.ATM.CO2E.KT,Afghanistan,AFG,2380,1549.99995231628,1759.99999046326,1769.99998092651,3559.99994277954,4880.00011444092,7110.0001335144,8930.00030517578,8079.99992370605,5989.99977111816,4880.00011444092,5949.99980926514,5300.00019073486,4780.00020980835,6070.00017166138,6079.99992370605,..,..
CO2 emissions (kt),EN.ATM.CO2E.KT,Albania,ALB,5980,4030.00020980835,4010.00022888184,4139.9998664856,4079.99992370605,4219.99979019165,4449.99980926514,4849.99990463257,4360.0001335144,4440.00005722046,4820.00017166138,4619.99988555908,4480.00001907349,5139.9998664856,5110.0001335144,4829.99992370605,..,..
CO2 emissions (kt),EN.ATM.CO2E.KT,Algeria,DZA,62940,94190.0024414063,99809.9975585938,102750,107750,112169.998168945,114180.000305176,120790.000915527,134929.992675781,139020.004272461,147740.005493164,156270.004272461,154910.003662109,158339.996337891,165539.993286133,171250,..,..
CO2 emissions (kt),EN.ATM.CO2E.KT,American Samoa,ASM,..,..,..,..,..,..,..,..,..,..,..,..,..,..,..,..,..,..
CO2 emissions (kt),EN.ATM.CO2E.KT,Andorra,AND,410,579.999983310699,550.000011920929,540.000021457672,540.000021457672,519.999980926514,519.999980926514,490.000009536743,490.000009536743,479.999989271164,460.00000834465,469.999998807907,469.999998807907,469.999998807907,490.000009536743,500,..,..
CO2 emissions (kt),EN.ATM.CO2E.KT,Angola,AGO,6560,15810.0004196167,16559.9994659424,16969.9993133545,19280.0006866455,21149.9996185303,22799.9992370605,23870.0008392334,23870.0008392334,26959.9990844727,29629.9991607666,31649.9996185303,29760.0002288818,24250,23959.9990844727,25209.9990844727,..,..
CO2 emissions (kt),EN.ATM.CO2E.KT,Antigua and Barbuda,ATG,210,409.999996423721,439.999997615814,460.00000834465,479.999989271164,1389.99998569489,490.000009536743,540.000021457672,699.999988079071,469.999998807907,479.999989271164,490.000009536743,500,500,509.999990463257,519.999980926514,..,..
CO2 emissions (kt),EN.ATM.CO2E.KT,Argentina,ARG,100320,145990.005493164,154899.993896484,162809.997558594,167229.995727539,156570.007324219,167220.001220703,176639.999389648,177960.006713867,183250,179600.006103516,185550.003051758,183160.003662109,179320.007324219,176899.993896484,168100.006103516,..,..
CO2 emissions (kt),EN.ATM.CO2E.KT,Armenia,ARM,19850,4460.00003814697,4489.99977111816,5199.99980926514,5690.00005722046,4510.00022888184,4340.00015258789,4940.00005722046,5719.99979019165,5500,5480.00001907349,5340.00015258789,5070.00017166138,5369.99988555908,5710.00003814697,6170.00007629395,..,..
CO2 emissions (kt),EN.ATM.CO2E.KT,Aruba,ABW,..,..,..,..,..,..,..,..,..,..,..,..,..,..,..,..,..,..
CO2 emissions (kt),EN.ATM.CO2E.KT,Australia,AUS,263630,370089.996337891,375489.990234375,385750,388940.002441406,395290.008544922,387540.008544922,386380.004882813,386970.001220703,380279.998779297,371630.004882813,377799.987792969,384989.990234375,389160.003662109,387070.007324219,386529.998779297,..,..
CO2 emissions (kt),EN.ATM.CO2E.KT,Austria,AUT,58270,76239.9978637695,74099.9984741211,71239.9978637695,70730.0033569336,64419.9981689453,69959.9990844727,68269.9966430664,65110.0006103516,65750,62049.9992370605,63240.0016784668,63680.0003051758,65860.0006103516,63060.001373291,64769.9966430664,..,..
CO2 emissions (kt),EN.ATM.CO2E.KT,Azerbaijan,AZE,53480,30040.0009155273,30489.9997711182,27629.9991607666,30450.0007629395,25500,24309.9994659424,27280.0006866455,30110.0006103516,30940.0005340576,32240.0016784668,31770.0004577637,32240.0016784668,31959.9990844727,32729.9995422363,35509.9983215332,..,..
CO2 emissions (kt),EN.ATM.CO2E.KT,"Bahamas, The",BHS,1960,2109.99989509583,2099.99990463257,2119.99988555908,2200.00004768372,6170.00007629395,2079.99992370605,2569.9999332428,3549.99995231628,2809.99994277954,2519.99998092651,2210.00003814697,2039.99996185303,2170.00007629395,2799.99995231628,2839.99991416931,..,..
CO2 emissions (kt),EN.ATM.CO2E.KT,Bahrain,BHR,10740,20690.0005340576,22489.9997711182,23000,24760.0002288818,24719.9993133545,25969.9993133545,26020.0004577637,27170.0000762939,28850.0003814697,30280.0006866455,30579.9999237061,30299.9992370605,30520.0004577637,30809.9994659424,33259.9983215332,..,..
CO2 emissions (kt),EN.ATM.CO2E.KT,Bangladesh,BGD,11520,32709.9990844727,35900.0015258789,37990.0016784668,41580.0018310547,44750,50580.0018310547,54419.9981689453,57990.0016784668,60599.9984741211,63830.0018310547,72190.0024414063,74379.997253418,79339.9963378906,83449.9969482422,90739.9978637695,..,..
CO2 emissions (kt),EN.ATM.CO2E.KT,Barbados,BRB,980,1419.99995708466,1470.00002861023,1480.00001907349,1779.99997138977,4619.99988555908,1549.99995231628,1759.99999046326,2119.99988555908,1440.00005722046,1269.99998092651,1269.99998092651,1289.99996185303,1179.99994754791,1240.00000953674,1250,..,..
CO2 emissions (kt),EN.ATM.CO2E.KT,Belarus,BLR,99830,56779.9987792969,59119.9989318848,57650.0015258789,60529.9987792969,57400.0015258789,61669.9981689453,58549.9992370605,59939.998626709,59990.0016784668,59500,54819.9996948242,55139.9993896484,56009.9983215332,58950.0007629395,57669.9981689453,..,..
CO2 emissions (kt),EN.ATM.CO2E.KT,Belgium,BEL,109310,110610.000610352,108650.001525879,104589.996337891,106930.000305176,99669.9981689453,106720.001220703,96480.0033569336,95269.9966430664,96589.9963378906,90139.9993896484,95129.997253418,94220.0012207031,92720.0012207031,93660.0036621094,93010.0021362305,..,..
CO2 emissions (kt),EN.ATM.CO2E.KT,Belize,BLZ,330,469.999998807907,509.999990463257,529.999971389771,500,1460.00003814697,560.000002384186,670.000016689301,670.000016689301,460.00000834465,479.999989271164,680.000007152557,649.999976158142,639.999985694885,629.999995231628,639.999985694885,..,..
CO2 emissions (kt),EN.ATM.CO2E.KT,Benin,BEN,330,2900.00009536743,3470.00002861023,4000,4019.99998092651,4420.00007629395,4829.99992370605,4650.00009536743,4440.00005722046,4679.99982833862,5190.00005722046,5510.00022888184,6739.99977111816,6869.99988555908,7420.00007629395,7300.00019073486,..,..
CO2 emissions (kt),EN.ATM.CO2E.KT,Bermuda,BMU,..,..,..,..,..,..,..,..,..,..,..,..,..,..,..,..,..,..
CO2 emissions (kt),EN.ATM.CO2E.KT,Bhutan,BTN,80,319.999992847443,319.999992847443,319.999992847443,300.000011920929,319.999992847443,400.000005960464,589.999973773956,639.999985694885,670.000016689301,699.999988079071,769.999980926514,930.000007152557,970.000028610229,1049.99995231628,1049.99995231628,..,..
CO2 emissions (kt),EN.ATM.CO2E.KT,Bolivia,BOL,10410,10050.0001907349,11229.9995422363,12079.9999237061,13109.9996566772,14000,15170.0000762939,16610.0006103516,17420.0000762939,18739.9997711182,20409.9998474121,20760.0002288818,22010.0002288818,22750,23229.9995422363,22340.0001525879,..,..
CO2 emissions (kt),EN.ATM.CO2E.KT,Bosnia and Herzegovina,BIH,23970,16229.9995422363,17909.9998474121,18889.9993896484,20760.0002288818,20590.0001525879,20840.0001525879,23739.9997711182,21959.9990844727,21850.0003814697,19489.9997711182,19620.0008392334,22340.0001525879,22680.0003051758,22600.0003814697,21069.9996948242,..,..
CO2 emissions (kt),EN.ATM.CO2E.KT,Botswana,BWA,2810,4280.00020980835,4090.00015258789,4320.00017166138,4389.9998664856,4190.00005722046,3369.99988555908,3880.00011444092,3410.00008583069,5420.00007629395,6989.99977111816,6949.99980926514,6630.00011444092,7329.99992370605,7309.99994277954,7250,..,..
CO2 emissions (kt),EN.ATM.CO2E.KT,Brazil,BRA,197900,331690.002441406,335619.995117188,352559.997558594,373630.004882813,350000,397929.992675781,418309.997558594,454230.010986328,486839.996337891,511619.995117188,485339.996337891,447079.986572266,456489.990234375,433989.990234375,434299.987792969,..,..
CO2 emissions (kt),EN.ATM.CO2E.KT,British Virgin Islands,VGB,..,..,..,..,..,..,..,..,..,..,..,..,..,..,..,..,..,..
CO2 emissions (kt),EN.ATM.CO2E.KT,Brunei Darussalam,BRN,3260,4989.99977111816,7519.99998092651,7139.9998664856,7909.99984741211,7869.99988555908,7170.00007629395,7329.99992370605,7300.00019073486,7210.00003814697,7079.99992370605,6400.00009536743,6969.99979019165,7289.99996185303,7539.99996185303,6989.99977111816,..,..
CO2 emissions (kt),EN.ATM.CO2E.KT,Bulgaria,BGR,73610,47990.0016784668,48950.0007629395,52599.9984741211,50040.0009155273,42909.9998474121,44740.0016784668,49639.9993896484,45020.0004577637,39659.9998474121,42049.9992370605,44560.001373291,41590.0001525879,43880.0010681152,40900.0015258789,39139.9993896484,..,..
CO2 emissions (kt),EN.ATM.CO2E.KT,Burkina Faso,BFA,500,1059.99994277954,1240.00000953674,1409.9999666214,1700.00004768372,1730.00001907349,2289.99996185303,2460.00003814697,2940.00005722046,3130.00011444092,3180.0000667572,3700.00004768372,3700.00004768372,4269.99998092651,4670.00007629395,5000,..,..
CO2 emissions (kt),EN.ATM.CO2E.KT,Burundi,BDI,170,150.000005960464,180.000007152557,180.000007152557,180.000007152557,180.000007152557,300.000011920929,360.000014305115,370.000004768372,389.999985694885,379.999995231628,400.000005960464,439.999997615814,529.999971389771,689.999997615814,720.000028610229,..,..
CO2 emissions (kt),EN.ATM.CO2E.KT,Cabo Verde,CPV,100,439.999997615814,500,460.00000834465,479.999989271164,509.999990463257,540.000021457672,569.999992847443,529.999971389771,509.999990463257,500,500,550.000011920929,589.999973773956,610.000014305115,649.999976158142,..,..
CO2 emissions (kt),EN.ATM.CO2E.KT,Cambodia,KHM,1260,2660.00008583069,2960.00003814697,3660.00008583069,4059.99994277954,4750,5139.9998664856,5360.0001335144,5670.00007629395,5739.99977111816,6949.99980926514,8430.00030517578,11069.9996948242,12689.9995803833,14579.9999237061,16180.0003051758,..,..
CO2 emissions (kt),EN.ATM.CO2E.KT,Cameroon,CMR,2900,5019.99998092651,5090.00015258789,6130.00011444092,6389.9998664856,7030.00020980835,7010.00022888184,6809.99994277954,6880.00011444092,7550.00019073486,8250,8460.00003814697,9079.99992370605,9170.00007629395,9590.00015258789,9430.00030517578,..,..
CO2 emissions (kt),EN.ATM.CO2E.KT,Canada,CAN,419490,549030.029296875,540530.029296875,571630.004882813,550469.970703125,521320.007324219,537010.009765625,549289.978027344,546210.021972656,555659.973144531,561679.992675781,558700.012207031,556830.017089844,568080.017089844,580090.026855469,580210.021972656,..,..
CO2 emissions (kt),EN.ATM.CO2E.KT,Cayman Islands,CYM,..,..,..,..,..,..,..,..,..,..,..,..,..,..,..,..,..,..
CO2 emissions (kt),EN.ATM.CO2E.KT,Central African Republic,CAF,150,219.999998807907,230.000004172325,239.999994635582,170.000001788139,170.000001788139,170.000001788139,189.999997615814,200.000002980232,119.999997317791,129.999995231628,189.999997615814,209.999993443489,219.999998807907,230.000004172325,239.999994635582,..,..
CO2 emissions (kt),EN.ATM.CO2E.KT,Chad,TCD,390,479.999989271164,509.999990463257,500,540.000021457672,790.000021457672,1240.00000953674,1100.00002384186,1860.00001430511,2190.00005722046,2259.99999046326,2390.00010490417,2210.00003814697,2150.00009536743,2190.00005722046,2250,..,..
CO2 emissions (kt),EN.ATM.CO2E.KT,Channel Islands,CHI,..,..,..,..,..,..,..,..,..,..,..,..,..,..,..,..,..,..
CO2 emissions (kt),EN.ATM.CO2E.KT,Chile,CHL,30520,55970.0012207031,57150.0015258789,64569.9996948242,67989.9978637695,65449.9969482422,69750,76470.0012207031,78410.0036621094,83000,76559.9975585938,82230.0033569336,86489.9978637695,87069.9996948242,86610.0006103516,91370.002746582,..,..
CO2 emissions (kt),EN.ATM.CO2E.KT,China,CHN,2173360,5824629.8828125,6437470.21484375,6993180.17578125,7199600.09765625,7719069.82421875,8474919.921875,9282549.8046875,9541870.1171875,9984570.3125,10006669.921875,9861099.609375,9874660.15625,10096009.765625,10502929.6875,10707219.7265625,..,..
CO2 emissions (kt),EN.ATM.CO2E.KT,Colombia,COL,48730,57639.9993896484,57689.998626709,59180.0003051758,59779.9987792969,62009.9983215332,63560.001373291,69099.9984741211,69699.9969482422,76860.0006103516,79199.9969482422,80230.0033569336,82680.0003051758,74989.9978637695,78589.9963378906,81040.0009155273,..,..
CO2 emissions (kt),EN.ATM.CO2E.KT,Comoros,COM,70,150.000005960464,170.000001788139,109.999999403954,109.999999403954,140.000000596046,170.000001788139,150.000005960464,159.999996423721,189.999997615814,170.000001788139,189.999997615814,219.999998807907,280.000001192093,300.000011920929,319.999992847443,..,..
CO2 emissions (kt),EN.ATM.CO2E.KT,"Congo, Dem. Rep.",COD,3180,2210.00003814697,2279.99997138977,2470.00002861023,2549.99995231628,2500,2650.00009536743,3019.99998092651,2829.99992370605,3960.00003814697,5139.9998664856,3230.00001907349,2420.00007629395,2849.99990463257,3119.99988555908,3210.00003814697,..,..
CO2 emissions (kt),EN.ATM.CO2E.KT,"Congo, Rep.",COG,3200,4309.99994277954,4780.00020980835,4150.00009536743,4360.0001335144,4840.00015258789,5420.00007629395,5380.00011444092,5260.00022888184,5329.99992370605,5190.00005722046,5659.99984741211,5500,5409.99984741211,6489.99977111816,7260.00022888184,..,..
CO2 emissions (kt),EN.ATM.CO2E.KT,Costa Rica,CRI,2870,6269.99998092651,6559.99994277954,7599.99990463257,7519.99998092651,7199.99980926514,7110.0001335144,7429.99982833862,7449.99980926514,7780.00020980835,7829.99992370605,7539.99996185303,8079.99992370605,8260.00022888184,8369.99988555908,8239.99977111816,..,..
CO2 emissions (kt),EN.ATM.CO2E.KT,Cote d'Ivoire,CIV,2710,5880.00011444092,5699.99980926514,5659.99984741211,6469.99979019165,6030.00020980835,6349.99990463257,6119.99988555908,8039.99996185303,8689.9995803833,9199.99980926514,9810.0004196167,9590.00015258789,10560.0004196167,10189.9995803833,10829.9999237061,..,..
CO2 emissions (kt),EN.ATM.CO2E.KT,Croatia,HRV,20340,21450.0007629395,21610.0006103516,22879.9991607666,21729.9995422363,20309.9994659424,19459.9990844727,19030.0006866455,17409.9998474121,17010.0002288818,16239.9997711182,16600.0003814697,16879.9991607666,17409.9998474121,16430.0003051758,16520.0004577637,..,..
CO2 emissions (kt),EN.ATM.CO2E.KT,Cuba,CUB,35620,26319.9996948242,26780.0006866455,27680.0003051758,26750,26979.9995422363,28110.0006103516,27590.0001525879,28690.0005340576,28870.0008392334,26690.0005340576,29209.9990844727,27170.0000762939,26239.9997711182,26709.9990844727,25909.9998474121,..,..
CO2 emissions (kt),EN.ATM.CO2E.KT,Curacao,CUW,..,..,..,..,..,..,..,..,..,..,..,..,..,..,..,..,..,..
CO2 emissions (kt),EN.ATM.CO2E.KT,Cyprus,CYP,4590,7900.00009536743,8000,8310.0004196167,8489.99977111816,8279.99973297119,7900.00009536743,7630.00011444092,7099.99990463257,6429.99982833862,6809.99994277954,6849.99990463257,7219.99979019165,7360.0001335144,7199.99980926514,7190.00005722046,..,..
CO2 emissions (kt),EN.ATM.CO2E.KT,Czechia,CZE,150200,119989.99786377,120599.998474121,123620.002746582,118309.997558594,111169.998168945,112250,109169.998168945,106069.999694824,101150.001525879,97510.0021362305,99139.9993896484,101730.003356934,101830.001831055,100900.001525879,96290.0009155273,..,..
CO2 emissions (kt),EN.ATM.CO2E.KT,Denmark,DNK,52090,50200.0007629395,58130.0010681152,53409.9998474121,50130.0010681152,47930.0003051758,48119.9989318848,43099.9984741211,38220.0012207031,39959.9990844727,35819.9996948242,33700.0007629395,35319.9996948242,33130.0010681152,33130.0010681152,29700.0007629395,..,..
CO2 emissions (kt),EN.ATM.CO2E.KT,Djibouti,DJI,270,430.000007152557,430.000007152557,469.999998807907,469.999998807907,469.999998807907,519.999980926514,479.999989271164,500,560.000002384186,400.000005960464,460.00000834465,419.999986886978,419.999986886978,400.000005960464,419.999986886978,..,..
CO2 emissions (kt),EN.ATM.CO2E.KT,Dominica,DMA,60,159.999996423721,170.000001788139,180.000007152557,180.000007152557,500,180.000007152557,180.000007152557,250,170.000001788139,180.000007152557,180.000007152557,180.000007152557,170.000001788139,170.000001788139,170.000001788139,..,..
CO2 emissions (kt),EN.ATM.CO2E.KT,Dominican Republic,DOM,7860,18690.0005340576,20370.0008392334,20629.9991607666,20579.9999237061,19659.9998474121,20680.0003051758,20909.9998474121,21680.0003051758,21290.0009155273,21450.0007629395,23590.0001525879,24590.0001525879,23549.9992370605,25309.9994659424,27229.9995422363,..,..
CO2 emissions (kt),EN.ATM.CO2E.KT,Ecuador,ECU,15420,28219.9993133545,30129.9991607666,30639.9993896484,31690.0005340576,34500,37250,37099.9984741211,37090.0001525879,39700.0007629395,41799.9992370605,41520.0004577637,39810.001373291,38549.9992370605,40139.9993896484,39290.0009155273,..,..
CO2 emissions (kt),EN.ATM.CO2E.KT,"Egypt, Arab Rep.",EGY,87750,162220.001220703,170750,183399.993896484,189940.002441406,197660.003662109,200309.997558594,205770.004272461,215000,213860.000610352,219119.995117188,226279.998779297,231229.995727539,242229.995727539,247910.003662109,249369.995117188,..,..
CO2 emissions (kt),EN.ATM.CO2E.KT,El Salvador,SLV,2380,6840.00015258789,7239.99977111816,7630.00011444092,6909.99984741211,6679.99982833862,6539.99996185303,6780.00020980835,6769.99998092651,6460.00003814697,6590.00015258789,7000,7170.00007629395,6380.00011444092,6809.99994277954,7800.00019073486,..,..
CO2 emissions (kt),EN.ATM.CO2E.KT,Equatorial Guinea,GNQ,60,8319.99969482422,9369.99988555908,8539.99996185303,9779.99973297119,9710.00003814697,9949.99980926514,9989.99977111816,9819.99969482422,9180.00030517578,7909.99984741211,6570.00017166138,6659.99984741211,5800.00019073486,6429.99982833862,5349.99990463257,..,..
CO2 emissions (kt),EN.ATM.CO2E.KT,Eritrea,ERI,..,600.000023841858,519.999980926514,509.999990463257,449.999988079071,469.999998807907,500,569.999992847443,620.000004768372,639.999985694885,649.999976158142,649.999976158142,660.000026226044,720.000028610229,850.000023841858,879.999995231628,..,..
CO2 emissions (kt),EN.ATM.CO2E.KT,Estonia,EST,35280,17229.9995422363,15979.9995422363,19979.9995422363,18399.9996185303,15050.0001907349,19000,18170.0000762939,16889.9993896484,19319.9996948242,17940.0005340576,15539.999961853,15989.9997711182,16709.9990844727,15319.9996948242,10180.0003051758,..,..
CO2 emissions (kt),EN.ATM.CO2E.KT,Eswatini,SWZ,560,660.000026226044,649.999976158142,660.000026226044,629.999995231628,699.999988079071,649.999976158142,660.000026226044,680.000007152557,750,750,769.999980926514,839.999973773956,889.999985694885,910.000026226044,959.999978542328,..,..
CO2 emissions (kt),EN.ATM.CO2E.KT,Ethiopia,ETH,2310,5050.00019073486,5400.00009536743,5960.00003814697,6489.99977111816,6530.00020980835,6469.99979019165,7539.99996185303,8479.99954223633,10079.9999237061,12340.0001525879,12890.0003433228,14970.0002670288,15819.9996948242,17239.9997711182,18360.0006103516,..,..
CO2 emissions (kt),EN.ATM.CO2E.KT,Faroe Islands,FRO,..,..,..,..,..,..,..,..,..,..,..,..,..,..,..,..,..,..
CO2 emissions (kt),EN.ATM.CO2E.KT,Fiji,FJI,690,1289.99996185303,1379.99999523163,1259.99999046326,970.000028610229,970.000028610229,1159.9999666214,1110.00001430511,1029.99997138977,1129.99999523163,1289.99996185303,1379.99999523163,1519.99998092651,1649.99997615814,1629.99999523163,1629.99999523163,..,..
CO2 emissions (kt),EN.ATM.CO2E.KT,Finland,FIN,54560,55459.9990844727,67019.9966430664,65099.9984741211,56659.9998474121,54180.0003051758,62529.9987792969,55119.9989318848,49409.9998474121,50189.998626709,46159.9998474121,42819.9996948242,45700.0007629395,43020.0004577637,44580.0018310547,40709.9990844727,..,..
CO2 emissions (kt),EN.ATM.CO2E.KT,France,FRA,356240,380660.003662109,371549.987792969,362829.986572266,357989.990234375,343730.010986328,347779.998779297,335140.014648438,338420.013427734,338559.997558594,306100.006103516,311299.987792969,313920.013427734,317829.986572266,307049.987792969,300519.989013672,..,..
CO2 emissions (kt),EN.ATM.CO2E.KT,French Polynesia,PYF,..,..,..,..,..,..,..,..,..,..,..,..,..,..,..,..,..,..
CO2 emissions (kt),EN.ATM.CO2E.KT,Gabon,GAB,4100,6059.99994277954,5440.00005722046,4940.00005722046,5269.99998092651,5199.99980926514,5760.00022888184,5780.00020980835,5599.99990463257,5789.99996185303,5960.00003814697,6119.99988555908,6420.00007629395,5329.99992370605,5119.99988555908,5250,..,..
CO2 emissions (kt),EN.ATM.CO2E.KT,"Gambia, The",GMB,190,330.000013113022,360.000014305115,409.999996423721,430.000007152557,490.000009536743,439.999997615814,449.999988079071,460.00000834465,439.999997615814,519.999980926514,529.999971389771,529.999971389771,540.000021457672,550.000011920929,579.999983310699,..,..
CO2 emissions (kt),EN.ATM.CO2E.KT,Georgia,GEO,33490,4239.99977111816,4699.99980926514,5630.00011444092,4840.00015258789,5619.99988555908,5320.00017166138,6519.99998092651,7190.00005722046,7840.00015258789,8470.00026702881,9199.99980926514,9649.99961853027,9729.99954223633,9569.99969482422,10109.9996566772,..,..
CO2 emissions (kt),EN.ATM.CO2E.KT,Germany,DEU,955310,802380.004882813,814409.973144531,783799.987792969,789690.002441406,734809.997558594,773070.007324219,746479.98046875,760130.004882813,776150.024414063,736010.009765625,742309.997558594,747150.024414063,732200.012207031,707700.012207031,657400.024414063,..,..
CO2 emissions (kt),EN.ATM.CO2E.KT,Ghana,GHA,2790,7039.99996185303,8510.00022888184,9119.99988555908,8659.99984741211,10010.0002288818,11189.9995803833,11750,14609.9996566772,15630.0001144409,15090.0001525879,15779.9997329712,16069.9996948242,17010.0002288818,18680.0003051758,20040.0009155273,..,..
CO2 emissions (kt),EN.ATM.CO2E.KT,Gibraltar,GIB,..,..,..,..,..,..,..,..,..,..,..,..,..,..,..,..,..,..
CO2 emissions (kt),EN.ATM.CO2E.KT,Greece,GRC,75620,101949.996948242,100699.996948242,104309.997558594,100410.003662109,94739.9978637695,87580.0018310547,84550.0030517578,80089.9963378906,72480.0033569336,69550.0030517578,68010.0021362305,66849.9984741211,66800.0030517578,65019.9966430664,60000,..,..
CO2 emissions (kt),EN.ATM.CO2E.KT,Greenland,GRL,..,..,..,..,..,..,..,..,..,..,..,..,..,..,..,..,..,..
CO2 emissions (kt),EN.ATM.CO2E.KT,Grenada,GRD,110,250,259.999990463257,280.000001192093,289.99999165535,810.000002384186,289.99999165535,310.000002384186,409.999996423721,319.999992847443,250,270.000010728836,280.000001192093,289.99999165535,319.999992847443,330.000013113022,..,..
CO2 emissions (kt),EN.ATM.CO2E.KT,Guam,GUM,..,..,..,..,..,..,..,..,..,..,..,..,..,..,..,..,..,..
CO2 emissions (kt),EN.ATM.CO2E.KT,Guatemala,GTM,3930,11529.9997329712,11520.0004577637,12409.9998474121,11239.9997711182,11850.0003814697,11439.9995803833,11739.9997711182,12149.9996185303,13000,13949.9998092651,16340.0001525879,17489.9997711182,16569.9996948242,18319.9996948242,19309.9994659424,..,..
CO2 emissions (kt),EN.ATM.CO2E.KT,Guinea,GIN,1000,1830.00004291534,1899.99997615814,1980.00001907349,2009.99999046326,2119.99988555908,2500,2619.99988555908,2480.00001907349,2180.0000667572,2240.00000953674,2539.99996185303,2819.9999332428,3339.99991416931,3750,3950.00004768372,..,..
CO2 emissions (kt),EN.ATM.CO2E.KT,Guinea-Bissau,GNB,170,209.999993443489,219.999998807907,230.000004172325,219.999998807907,230.000004172325,239.999994635582,239.999994635582,250,250,270.000010728836,280.000001192093,310.000002384186,310.000002384186,319.999992847443,330.000013113022,..,..
CO2 emissions (kt),EN.ATM.CO2E.KT,Guyana,GUY,1170,1480.00001907349,1330.00004291534,1610.00001430511,1600.00002384186,1629.99999523163,1759.99999046326,1830.00004291534,2000,1980.00001907349,2059.99994277954,2079.99992370605,2480.00001907349,2470.00002861023,2589.99991416931,2849.99990463257,..,..
CO2 emissions (kt),EN.ATM.CO2E.KT,Haiti,HTI,1020,1700.00004768372,1720.00002861023,2049.99995231628,2029.99997138977,1990.00000953674,2460.00003814697,2700.00004768372,2420.00007629395,2650.00009536743,3019.99998092651,3279.99997138977,3359.99989509583,3329.99992370605,3289.99996185303,3319.9999332428,..,..
CO2 emissions (kt),EN.ATM.CO2E.KT,Honduras,HND,2450,6969.99979019165,7969.99979019165,8539.99996185303,8590.00015258789,8069.99969482422,8180.00030517578,8810.0004196167,9239.99977111816,9369.99988555908,9460.00003814697,9930.00030517578,9470.00026702881,9260.00022888184,10050.0001907349,10220.0002670288,..,..
CO2 emissions (kt),EN.ATM.CO2E.KT,"Hong Kong SAR, China",HKG,..,..,..,..,..,..,..,..,..,..,..,..,..,..,..,..,..,..
CO2 emissions (kt),EN.ATM.CO2E.KT,Hungary,HUN,67420,55919.9981689453,55459.9990844727,53849.9984741211,53009.9983215332,47840.0001525879,47880.0010681152,46909.9998474121,43430.0003051758,40759.9983215332,40630.0010681152,43380.0010681152,44250,46439.998626709,46400.0015258789,46380.0010681152,..,..
CO2 emissions (kt),EN.ATM.CO2E.KT,Iceland,ISL,1950,2289.99996185303,2329.99992370605,2380.00011444092,2180.0000667572,2109.99989509583,1960.00003814697,1889.99998569489,1860.00001430511,2029.99997138977,2049.99995231628,2059.99994277954,1629.99999523163,1669.99995708466,1700.00004768372,1639.99998569489,..,..
CO2 emissions (kt),EN.ATM.CO2E.KT,India,IND,563580,1136469.97070313,1215209.9609375,1336739.99023438,1424380.00488281,1564880.00488281,1659979.98046875,1756739.99023438,1909439.94140625,1972430.05371094,2147110.10742188,2158020.01953125,2195250,2320409.91210938,2451929.93164063,2456300.04882813,..,..
CO2 emissions (kt),EN.ATM.CO2E.KT,Indonesia,IDN,148530,342149.993896484,364470.001220703,379959.991455078,376140.014648438,391079.986572266,415519.989013672,475309.997558594,481510.009765625,447940.002441406,483910.003662109,488549.987792969,482510.009765625,517320.007324219,576989.990234375,619840.026855469,..,..
CO2 emissions (kt),EN.ATM.CO2E.KT,"Iran, Islamic Rep.",IRN,198470,450790.008544922,484179.992675781,514140.014648438,523049.987792969,542289.978027344,541169.982910156,552049.987792969,559119.995117188,583700.012207031,605349.975585938,599179.992675781,607210.021972656,626419.982910156,637429.992675781,630010.009765625,..,..
CO2 emissions (kt),EN.ATM.CO2E.KT,Iraq,IRQ,64210,85129.997253418,82959.9990844727,76650.0015258789,88139.9993896484,94199.9969482422,108550.003051758,113040.000915527,129000,139100.006103516,134039.993286133,133169.998168945,142229.995727539,155080.001831055,163149.993896484,174559.997558594,..,..
CO2 emissions (kt),EN.ATM.CO2E.KT,Ireland,IRL,30960,46650.0015258789,47259.9983215332,46360.0006103516,45779.9987792969,40560.001373291,40189.998626709,36680.0003051758,37130.0010681152,35709.9990844727,35529.9987792969,37060.001373291,38819.9996948242,37779.9987792969,37659.9998474121,35750,..,..
CO2 emissions (kt),EN.ATM.CO2E.KT,Isle of Man,IMN,..,..,..,..,..,..,..,..,..,..,..,..,..,..,..,..,..,..
CO2 emissions (kt),EN.ATM.CO2E.KT,Israel,ISR,33810,61009.9983215332,64330.0018310547,66599.9984741211,66709.9990844727,65730.0033569336,70519.9966430664,69819.9996948242,76059.9975585938,67000,64720.0012207031,66139.9993896484,64980.0033569336,65610.0006103516,61080.0018310547,62650.0015258789,..,..
CO2 emissions (kt),EN.ATM.CO2E.KT,Italy,ITA,405260,473829.986572266,466649.993896484,459369.995117188,444980.010986328,397059.997558594,405269.989013672,396690.002441406,376750,346459.991455078,327500,337859.985351563,333339.996337891,329190.002441406,324880.004882813,317239.990234375,..,..
CO2 emissions (kt),EN.ATM.CO2E.KT,Jamaica,JAM,7470,10560.0004196167,12060.0004196167,12020.0004577637,9619.99988555908,7880.00011444092,7480.00001907349,7530.00020980835,6960.00003814697,7400.00009536743,7190.00005722046,7090.00015258789,7570.00017166138,7219.99979019165,8609.99965667725,8390.00034332275,..,..
CO2 emissions (kt),EN.ATM.CO2E.KT,Japan,JPN,1090530,1212819.94628906,1189520.01953125,1225069.94628906,1158219.97070313,1100979.98046875,1156479.98046875,1213520.01953125,1253609.98535156,1262780.02929688,1217119.99511719,1179439.94140625,1167790.0390625,1155229.98046875,1116150.02441406,1081569.94628906,..,..
CO2 emissions (kt),EN.ATM.CO2E.KT,Jordan,JOR,9930,19870.0008392334,20170.0000762939,21090.0001525879,20010.0002288818,20659.9998474121,20200.0007629395,20760.0002288818,24120.0008392334,23799.9992370605,25549.9992370605,25309.9994659424,24819.9996948242,26149.9996185303,24780.0006866455,24629.9991607666,..,..
CO2 emissions (kt),EN.ATM.CO2E.KT,Kazakhstan,KAZ,237250,169210.006713867,185300.003051758,198389.999389648,242029.998779297,213610.000610352,229699.996948242,245449.996948242,244600.006103516,260010.009765625,209229.995727539,190729.995727539,202149.993896484,214580.001831055,216600.006103516,212110.000610352,..,..
CO2 emissions (kt),EN.ATM.CO2E.KT,Kenya,KEN,6140,8319.99969482422,9300.00019073486,9369.99988555908,9909.99984741211,11710.000038147,12640.0003433228,13029.9997329712,12149.9996185303,14100.0003814697,15149.9996185303,17209.9990844727,19110.0006103516,18979.9995422363,17489.9997711182,22280.0006866455,..,..
CO2 emissions (kt),EN.ATM.CO2E.KT,Kiribati,KIR,20,70.0000002980232,70.0000002980232,59.9999986588955,59.9999986588955,59.9999986588955,50.0000007450581,50.0000007450581,59.9999986588955,59.9999986588955,59.9999986588955,59.9999986588955,70.0000002980232,90.0000035762787,90.0000035762787,90.0000035762787,..,..
CO2 emissions (kt),EN.ATM.CO2E.KT,"Korea, Dem. People's Rep.",PRK,123330,77589.9963378906,78940.0024414063,65629.997253418,72830.0018310547,55360.0006103516,51619.9989318848,37099.9984741211,38479.9995422363,27629.9991607666,31229.9995422363,25100.0003814697,30000,54290.0009155273,50529.9987792969,56040.0009155273,..,..
CO2 emissions (kt),EN.ATM.CO2E.KT,"Korea, Rep.",KOR,247680,481000,487850.006103516,503690.002441406,514919.982910156,526640.014648438,575219.970703125,598479.98046875,600320.007324219,599599.975585938,588090.026855469,607830.017089844,615880.004882813,626630.004882813,630640.014648438,610789.978027344,..,..
CO2 emissions (kt),EN.ATM.CO2E.KT,Kosovo,XKX,..,..,..,..,..,..,..,..,..,..,..,..,..,..,..,..,..,..
CO2 emissions (kt),EN.ATM.CO2E.KT,Kuwait,KWT,29130,69910.0036621094,72430.0003051758,70599.9984741211,75839.9963378906,77650.0015258789,80720.0012207031,83290.0009155273,85309.9975585938,87360.0006103516,85569.9996948242,89019.9966430664,91550.0030517578,90730.0033569336,91389.9993896484,92650.0015258789,..,..
CO2 emissions (kt),EN.ATM.CO2E.KT,Kyrgyz Republic,KGZ,22760,5300.00019073486,5320.00017166138,6469.99979019165,7510.00022888184,6760.00022888184,6349.99990463257,7619.99988555908,10060.0004196167,9380.00011444092,9710.00003814697,10270.0004577637,9699.99980926514,9430.00030517578,11250,10050.0001907349,..,..
CO2 emissions (kt),EN.ATM.CO2E.KT,Lao PDR,LAO,510,1259.99999046326,1639.99998569489,1730.00001907349,2049.99995231628,2539.99996185303,2880.00011444092,3039.99996185303,3269.99998092651,4159.99984741211,4340.00015258789,8880.00011444092,15699.9998092651,19049.9992370605,19360.0006103516,18709.9990844727,..,..
CO2 emissions (kt),EN.ATM.CO2E.KT,Latvia,LVA,18780,7710.00003814697,8199.99980926514,8529.99973297119,8109.99965667725,7360.0001335144,8520.00045776367,7900.00009536743,7570.00017166138,7449.99980926514,7280.00020980835,7320.00017166138,7150.00009536743,7119.99988555908,7789.99996185303,7570.00017166138,..,..
CO2 emissions (kt),EN.ATM.CO2E.KT,Lebanon,LBN,5620,17280.0006866455,16229.9995422363,15039.999961853,18649.9996185303,21899.9996185303,20860.0006103516,21180.0003051758,23469.9993133545,23239.9997711182,25149.9996185303,27010.0002288818,27809.9994659424,29319.9996948242,27790.0009155273,27950.0007629395,..,..
CO2 emissions (kt),EN.ATM.CO2E.KT,Lesotho,LSO,340,430.000007152557,430.000007152557,439.999997615814,460.00000834465,529.999971389771,550.000011920929,569.999992847443,620.000004768372,610.000014305115,610.000014305115,649.999976158142,689.999997615814,699.999988079071,730.000019073486,769.999980926514,..,..
CO2 emissions (kt),EN.ATM.CO2E.KT,Liberia,LBR,450,670.000016689301,689.999997615814,639.999985694885,540.000021457672,540.000021457672,730.000019073486,850.000023841858,949.999988079071,920.000016689301,1220.00002861023,1259.99999046326,1409.9999666214,1279.99997138977,1129.99999523163,1179.99994754791,..,..
CO2 emissions (kt),EN.ATM.CO2E.KT,Libya,LBY,28600,52990.0016784668,52919.9981689453,49389.9993896484,53270.0004577637,56400.0015258789,59549.9992370605,41950.0007629395,57630.0010681152,58610.0006103516,58000,51330.0018310547,50950.0007629395,55159.9998474121,56619.9989318848,56799.9992370605,..,..
CO2 emissions (kt),EN.ATM.CO2E.KT,Liechtenstein,LIE,200,230.000004172325,230.000004172325,200.000002980232,219.999998807907,209.999993443489,189.999997615814,180.000007152557,189.999997615814,189.999997615814,159.999996423721,159.999996423721,150.000005960464,159.999996423721,140.000000596046,150.000005960464,..,..
CO2 emissions (kt),EN.ATM.CO2E.KT,Lithuania,LTU,32220,12829.9999237061,13020.0004577637,13210.000038147,13060.0004196167,11689.9995803833,12600.0003814697,11850.0003814697,11930.0003051758,11329.9999237061,10859.9996566772,11069.9996948242,11199.9998092651,11220.0002670288,11649.9996185303,11729.9995422363,..,..
CO2 emissions (kt),EN.ATM.CO2E.KT,Luxembourg,LUX,11290,11909.9998474121,11720.0002670288,11109.9996566772,11020.0004577637,10439.9995803833,11029.9997329712,10899.9996185303,10689.9995803833,10149.9996185303,9649.99961853027,9130.00011444092,8850.00038146973,9000,9319.99969482422,9489.99977111816,..,..
CO2 emissions (kt),EN.ATM.CO2E.KT,"Macao SAR, China",MAC,..,..,..,..,..,..,..,..,..,..,..,..,..,..,..,..,..,..
CO2 emissions (kt),EN.ATM.CO2E.KT,Madagascar,MDG,890,1710.00003814697,1639.99998569489,1720.00002861023,1779.99997138977,1690.00005722046,1870.00000476837,2190.00005722046,2740.00000953674,2930.0000667572,3009.99999046326,3279.99997138977,3180.0000667572,3470.00002861023,3349.99990463257,4119.99988555908,..,..
CO2 emissions (kt),EN.ATM.CO2E.KT,Malawi,MWI,550,759.999990463257,779.999971389771,829.999983310699,959.999978542328,980.000019073486,889.999985694885,930.000007152557,949.999988079071,980.000019073486,850.000023841858,930.000007152557,1120.00000476837,1190.00005722046,1379.99999523163,1450.00004768372,..,..
CO2 emissions (kt),EN.ATM.CO2E.KT,Malaysia,MYS,54620,167419.998168945,174100.006103516,189940.002441406,202910.003662109,181929.992675781,200220.001220703,202740.005493164,205809.997558594,223660.003662109,236649.993896484,236539.993286133,235960.006713867,227619.995117188,244410.003662109,253270.004272461,..,..
CO2 emissions (kt),EN.ATM.CO2E.KT,Maldives,MDV,160,720.000028610229,870.000004768372,870.000004768372,870.000004768372,910.000026226044,959.999978542328,1009.99999046326,1139.99998569489,1129.99999523163,1370.00000476837,1370.00000476837,1759.99999046326,1860.00001430511,2099.99990463257,2109.99989509583,..,..
CO2 emissions (kt),EN.ATM.CO2E.KT,Mali,MLI,10,1649.99997615814,1889.99998569489,2069.9999332428,2079.99992370605,2509.99999046326,2779.99997138977,3119.99988555908,3109.99989509583,3220.00002861023,3380.00011444092,3650.00009536743,4670.00007629395,5179.99982833862,5469.99979019165,5829.99992370605,..,..
CO2 emissions (kt),EN.ATM.CO2E.KT,Malta,MLT,2310,2630.00011444092,2650.00009536743,2720.00002861023,2720.00002861023,2509.99999046326,2589.99991416931,2569.9999332428,2720.00002861023,2369.99988555908,2359.99989509583,1659.9999666214,1350.00002384186,1519.99998092651,1549.99995231628,1659.9999666214,..,..
CO2 emissions (kt),EN.ATM.CO2E.KT,Marshall Islands,MHL,..,140.000000596046,140.000000596046,140.000000596046,129.999995231628,140.000000596046,140.000000596046,140.000000596046,140.000000596046,140.000000596046,150.000005960464,150.000005960464,180.000007152557,180.000007152557,180.000007152557,180.000007152557,..,..
CO2 emissions (kt),EN.ATM.CO2E.KT,Mauritania,MRT,940,1509.99999046326,1730.00001907349,1990.00000953674,1899.99997615814,2349.99990463257,2400.00009536743,2460.00003814697,2730.00001907349,2589.99991416931,2900.00009536743,3559.99994277954,3259.99999046326,3490.00000953674,3690.00005722046,3950.00004768372,..,..
CO2 emissions (kt),EN.ATM.CO2E.KT,Mauritius,MUS,1160,2960.00003814697,3299.99995231628,3400.00009536743,3470.00002861023,3420.00007629395,3660.00008583069,3640.00010490417,3730.00001907349,3819.9999332428,3950.00004768372,3960.00003814697,4039.99996185303,4170.00007629395,4130.00011444092,4170.00007629395,..,..
CO2 emissions (kt),EN.ATM.CO2E.KT,Mexico,MEX,269580,432190.002441406,448299.987792969,457119.995117188,459549.987792969,448369.995117188,462869.995117188,478399.993896484,486450.012207031,475739.990234375,462239.990234375,471630.004882813,473309.997558594,471579.986572266,452570.007324219,449269.989013672,..,..
CO2 emissions (kt),EN.ATM.CO2E.KT,"Micronesia, Fed. Sts.",FSM,..,159.999996423721,140.000000596046,140.000000596046,119.999997317791,129.999995231628,109.999999403954,119.999997317791,129.999995231628,140.000000596046,140.000000596046,150.000005960464,170.000001788139,180.000007152557,170.000001788139,180.000007152557,..,..
CO2 emissions (kt),EN.ATM.CO2E.KT,Moldova,MDA,30530,8180.00030517578,7980.00001907349,8140.00034332275,8149.99961853027,7639.9998664856,8300.00019073486,8340.00015258789,8140.00034332275,7179.99982833862,7710.00003814697,8020.00045776367,8140.00034332275,8060.0004196167,8539.99996185303,8859.99965667725,..,..
CO2 emissions (kt),EN.ATM.CO2E.KT,Monaco,MCO,..,..,..,..,..,..,..,..,..,..,..,..,..,..,..,..,..,..
CO2 emissions (kt),EN.ATM.CO2E.KT,Mongolia,MNG,12970,11060.0004196167,12420.0000762939,13020.0004577637,12970.0002670288,13640.0003433228,14310.0004196167,15729.9995422363,17139.9993896484,18379.9991607666,18120.0008392334,17299.9992370605,18170.0000762939,19579.9999237061,21549.9992370605,23069.9996948242,..,..
CO2 emissions (kt),EN.ATM.CO2E.KT,Montenegro,MNE,1920,2000,2180.0000667572,2099.99990463257,2690.00005722046,1750,2579.99992370605,2539.99996185303,2329.99992370605,2269.99998092651,2220.00002861023,2359.99989509583,2150.00009536743,2269.99998092651,2500,2599.99990463257,..,..
CO2 emissions (kt),EN.ATM.CO2E.KT,Morocco,MAR,21500,43580.0018310547,45000,46349.9984741211,48630.0010681152,48750,51759.9983215332,55939.998626709,58080.0018310547,57590.0001525879,58689.998626709,60409.9998474121,60319.9996948242,63520.0004577637,64959.9990844727,71480.0033569336,..,..
CO2 emissions (kt),EN.ATM.CO2E.KT,Mozambique,MOZ,1120,1710.00003814697,1860.00001430511,2230.00001907349,2240.00000953674,2490.00000953674,2680.0000667572,3349.99990463257,3680.0000667572,4199.99980926514,4860.0001335144,5519.99998092651,7280.00020980835,7210.00003814697,6949.99980926514,7500,..,..
CO2 emissions (kt),EN.ATM.CO2E.KT,Myanmar,MMR,4080,10720.0002670288,9970.00026702881,10390.0003433228,7900.00009536743,7489.99977111816,8130.00011444092,8689.9995803833,11960.000038147,13600.0003814697,17040.0009155273,19040.0009155273,21860.0006103516,32500,32939.998626709,36720.0012207031,..,..
CO2 emissions (kt),EN.ATM.CO2E.KT,Namibia,NAM,..,2529.99997138977,2529.99997138977,2619.99988555908,2950.00004768372,3019.99998092651,3130.00011444092,3329.99992370605,3529.99997138977,3789.99996185303,3950.00004768372,4199.99980926514,4130.00011444092,4269.99998092651,4230.00001907349,4219.99979019165,..,..
CO2 emissions (kt),EN.ATM.CO2E.KT,Nauru,NRU,130,70.0000002980232,50.0000007450581,39.9999991059303,39.9999991059303,39.9999991059303,39.9999991059303,39.9999991059303,39.9999991059303,50.0000007450581,50.0000007450581,59.9999986588955,59.9999986588955,70.0000002980232,59.9999986588955,59.9999986588955,..,..
CO2 emissions (kt),EN.ATM.CO2E.KT,Nepal,NPL,940,3190.00005722046,2619.99988555908,2690.00005722046,2990.00000953674,3880.00011444092,4639.9998664856,5199.99980926514,6000,6090.00015258789,7130.00011444092,7190.00005722046,10409.9998474121,12479.9995422363,15189.9995803833,13449.9998092651,..,..
CO2 emissions (kt),EN.ATM.CO2E.KT,Netherlands,NLD,148380,167929.992675781,163699.996948242,164550.003051758,165220.001220703,160490.005493164,171110.000610352,158770.004272461,157470.001220703,157089.996337891,149789.993286133,157410.003662109,158539.993286133,155759.994506836,151360.000610352,146339.996337891,..,..
CO2 emissions (kt),EN.ATM.CO2E.KT,New Caledonia,NCL,..,..,..,..,..,..,..,..,..,..,..,..,..,..,..,..,..,..
CO2 emissions (kt),EN.ATM.CO2E.KT,New Zealand,NZL,22310,34229.9995422363,34270.0004577637,33270.0004577637,34169.9981689453,31170.0000762939,31049.9992370605,30290.0009155273,32110.0006103516,31889.9993896484,31969.9993133545,32279.9987792969,31190.0005340576,32930.0003051758,32360.0006103516,34009.9983215332,..,..
CO2 emissions (kt),EN.ATM.CO2E.KT,Nicaragua,NIC,1930,4340.00015258789,4550.00019073486,4699.99980926514,4500,4389.9998664856,4510.00022888184,4769.99998092651,4690.00005722046,4469.99979019165,4760.00022888184,5269.99998092651,5380.00011444092,5480.00001907349,5110.0001335144,5239.99977111816,..,..
CO2 emissions (kt),EN.ATM.CO2E.KT,Niger,NER,570,759.999990463257,750,819.999992847443,860.000014305115,1080.00004291534,1370.00000476837,1409.9999666214,1889.99998569489,1970.00002861023,2150.00009536743,2109.99989509583,2109.99989509583,1909.9999666214,1950.00004768372,2150.00009536743,..,..
CO2 emissions (kt),EN.ATM.CO2E.KT,Nigeria,NGA,72770,98720.0012207031,88769.9966430664,81120.002746582,86930.0003051758,76949.9969482422,90059.9975585938,95000,95339.9963378906,108129.997253418,114830.001831055,107760.00213623,110830.001831055,108500,109889.999389648,115279.998779297,..,..
CO2 emissions (kt),EN.ATM.CO2E.KT,North Macedonia,MKD,8590,9229.99954223633,9220.00026702881,9699.99980926514,9479.99954223633,8869.99988555908,8640.00034332275,9520.00045776367,9050.00019073486,8140.00034332275,7699.99980926514,7409.99984741211,7300.00019073486,7789.99996185303,7300.00019073486,8300.00019073486,..,..
CO2 emissions (kt),EN.ATM.CO2E.KT,Northern Mariana Islands,MNP,..,..,..,..,..,..,..,..,..,..,..,..,..,..,..,..,..,..
CO2 emissions (kt),EN.ATM.CO2E.KT,Norway,NOR,29310,36349.9984741211,37200.0007629395,37750,36869.9989318848,37430.0003051758,41409.9998474121,39599.9984741211,38490.0016784668,39500,39110.0006103516,39490.0016784668,38759.9983215332,37720.0012207031,37590.0001525879,35950.0007629395,..,..
CO2 emissions (kt),EN.ATM.CO2E.KT,Oman,OMN,11920,31010.0002288818,39189.998626709,42259.9983215332,41310.001373291,43590.0001525879,47080.0018310547,53619.9989318848,60549.9992370605,63009.9983215332,66389.9993896484,70129.997253418,72129.997253418,71930.0003051758,75599.9984741211,76029.9987792969,..,..
CO2 emissions (kt),EN.ATM.CO2E.KT,Pakistan,PAK,59030,121669.998168945,132479.995727539,146259.994506836,142160.003662109,145139.999389648,140619.995117188,141699.996948242,143809.997558594,146059.997558594,154240.005493164,164130.004882813,181110.000610352,198830.001831055,187309.997558594,190570.007324219,..,..
CO2 emissions (kt),EN.ATM.CO2E.KT,Palau,PLW,..,259.999990463257,250,239.999994635582,209.999993443489,200.000002980232,209.999993443489,209.999993443489,219.999998807907,219.999998807907,219.999998807907,209.999993443489,250,259.999990463257,250,250,..,..
CO2 emissions (kt),EN.ATM.CO2E.KT,Panama,PAN,2690,7119.99988555908,7489.99977111816,7480.00001907349,7300.00019073486,8699.99980926514,9189.9995803833,9989.99977111816,10460.000038147,10250,10760.0002288818,10699.9998092651,10770.0004577637,10130.0001144409,10060.0004196167,13340.0001525879,..,..
CO2 emissions (kt),EN.ATM.CO2E.KT,Papua New Guinea,PNG,2170,4929.99982833862,4780.00020980835,5050.00019073486,4760.00022888184,5030.00020980835,5019.99998092651,5159.99984741211,4889.9998664856,5239.99977111816,5889.9998664856,6510.00022888184,7659.99984741211,7610.0001335144,7559.99994277954,7579.99992370605,..,..
CO2 emissions (kt),EN.ATM.CO2E.KT,Paraguay,PRY,2070,3700.00004768372,3950.00004768372,3720.00002861023,4320.00017166138,4570.00017166138,5039.99996185303,5219.99979019165,5179.99982833862,5300.00019073486,5630.00011444092,6369.99988555908,7179.99982833862,8060.0004196167,8470.00026702881,8210.00003814697,..,..
CO2 emissions (kt),EN.ATM.CO2E.KT,Peru,PER,20880,31290.0009155273,30840.0001525879,33810.001373291,38290.0009155273,41169.9981689453,45000,48430.0003051758,48119.9989318848,49750,53169.9981689453,54549.9992370605,56860.0006103516,54270.0004577637,54590.0001525879,56750,..,..
CO2 emissions (kt),EN.ATM.CO2E.KT,Philippines,PHL,41080,76669.9981689453,69470.0012207031,73220.0012207031,75150.0015258789,76300.0030517578,81930.0003051758,82629.997253418,86180.0003051758,95500,101819.999694824,111010.00213623,121959.999084473,133500,138570.007324219,145419.998168945,..,..
CO2 emissions (kt),EN.ATM.CO2E.KT,Poland,POL,350210,301350.006103516,314089.996337891,313380.004882813,308329.986572266,297260.009765625,313739.990234375,310589.996337891,303350.006103516,298299.987792969,285730.010986328,289079.986572266,299799.987792969,312859.985351563,311910.003662109,295130.004882813,..,..
CO2 emissions (kt),EN.ATM.CO2E.KT,Portugal,PRT,41070,65470.0012207031,60450.0007629395,58799.9992370605,56840.0001525879,56299.9992370605,50939.998626709,49869.9989318848,48220.0012207031,46560.001373291,45930.0003051758,49849.9984741211,48759.9983215332,53330.0018310547,49500,44639.9993896484,..,..
CO2 emissions (kt),EN.ATM.CO2E.KT,Puerto Rico,PRI,..,..,..,..,..,..,..,..,..,..,..,..,..,..,..,..,..,..
CO2 emissions (kt),EN.ATM.CO2E.KT,Qatar,QAT,12540,38540.0009155273,43770.0004577637,49830.0018310547,53040.0009155273,54069.9996948242,60580.0018310547,68190.0024414063,75080.0018310547,76169.9981689453,81660.0036621094,84779.9987792969,86919.9981689453,87540.0009155273,86419.9981689453,91970.0012207031,..,..
CO2 emissions (kt),EN.ATM.CO2E.KT,Romania,ROU,172630,94709.9990844727,99260.0021362305,96730.0033569336,95419.9981689453,80709.9990844727,77620.002746582,84059.9975585938,81849.9984741211,72089.9963378906,71540.0009155273,73319.9996948242,71589.9963378906,74209.9990844727,75190.0024414063,73949.9969482422,..,..
CO2 emissions (kt),EN.ATM.CO2E.KT,Russian Federation,RUS,2163530,1611979.98046875,1654849.97558594,1658150.02441406,1655189.94140625,1546670.04394531,1617829.95605469,1699089.96582031,1675760.00976563,1632680.05371094,1611959.9609375,1592560.05859375,1571520.01953125,1594550.04882813,1661000,1703589.96582031,..,..
CO2 emissions (kt),EN.ATM.CO2E.KT,Rwanda,RWA,550,550.000011920929,550.000011920929,579.999983310699,560.000002384186,589.999973773956,600.000023841858,680.000007152557,750,810.000002384186,860.000014305115,980.000019073486,1159.9999666214,1190.00005722046,1289.99996185303,1330.00004291534,..,..
CO2 emissions (kt),EN.ATM.CO2E.KT,Samoa,WSM,90,209.999993443489,200.000002980232,200.000002980232,170.000001788139,180.000007152557,189.999997615814,200.000002980232,200.000002980232,200.000002980232,209.999993443489,239.999994635582,300.000011920929,310.000002384186,289.99999165535,300.000011920929,..,..
CO2 emissions (kt),EN.ATM.CO2E.KT,San Marino,SMR,..,..,..,..,..,..,..,..,..,..,..,..,..,..,..,..,..,..
CO2 emissions (kt),EN.ATM.CO2E.KT,Sao Tome and Principe,STP,50,79.9999982118607,79.9999982118607,79.9999982118607,90.0000035762787,90.0000035762787,100.000001490116,100.000001490116,119.999997317791,119.999997317791,119.999997317791,119.999997317791,129.999995231628,140.000000596046,140.000000596046,150.000005960464,..,..
CO2 emissions (kt),EN.ATM.CO2E.KT,Saudi Arabia,SAU,171410,315290.008544922,335440.002441406,354619.995117188,389720.001220703,406529.998779297,446130.004882813,463769.989013672,492470.001220703,503209.991455078,540520.01953125,565190.002441406,561229.98046875,545070.007324219,521260.009765625,523780.029296875,..,..
CO2 emissions (kt),EN.ATM.CO2E.KT,Senegal,SEN,2330,5670.00007629395,5570.00017166138,6199.99980926514,6440.00005722046,6670.00007629395,7030.00020980835,7570.00017166138,7449.99980926514,8010.00022888184,8569.99969482422,9289.99996185303,10130.0001144409,9800.00019073486,10180.0003051758,10619.9998855591,..,..
CO2 emissions (kt),EN.ATM.CO2E.KT,Serbia,SRB,61910,50689.998626709,53009.9983215332,51459.9990844727,49830.0018310547,46869.9989318848,47099.9984741211,51229.9995422363,45790.0009155273,46470.0012207031,38959.9990844727,45389.9993896484,46619.9989318848,47340.0001525879,46130.0010681152,45950.0007629395,..,..
CO2 emissions (kt),EN.ATM.CO2E.KT,Seychelles,SYC,150,379.999995231628,389.999985694885,400.000005960464,419.999986886978,449.999988079071,439.999997615814,409.999996423721,430.000007152557,419.999986886978,469.999998807907,509.999990463257,579.999983310699,579.999983310699,579.999983310699,610.000014305115,..,..
CO2 emissions (kt),EN.ATM.CO2E.KT,Sierra Leone,SLE,320,449.999988079071,589.999973773956,500,519.999980926514,519.999980926514,560.000002384186,740.000009536743,860.000014305115,1039.99996185303,1149.99997615814,910.000026226044,930.000007152557,939.999997615814,860.000014305115,899.999976158142,..,..
CO2 emissions (kt),EN.ATM.CO2E.KT,Singapore,SGP,28970,36900.0015258789,37169.9981689453,38290.0009155273,38419.9981689453,38830.0018310547,42409.9998474121,44770.0004577637,43689.998626709,43909.9998474121,44400.0015258789,45430.0003051758,46099.9984741211,49139.9993896484,47400.0015258789,47380.0010681152,..,..
CO2 emissions (kt),EN.ATM.CO2E.KT,Sint Maarten (Dutch part),SXM,..,..,..,..,..,..,..,..,..,..,..,..,..,..,..,..,..,..
CO2 emissions (kt),EN.ATM.CO2E.KT,Slovak Republic,SVK,54810,38520.0004577637,37869.9989318848,37189.998626709,37099.9984741211,33909.9998474121,35430.0003051758,34119.9989318848,32349.9984741211,32919.9981689453,30440.0005340576,30750,31500,33580.0018310547,33000,31079.9999237061,..,..
CO2 emissions (kt),EN.ATM.CO2E.KT,Slovenia,SVN,13530,15920.0000762939,16290.0009155273,16280.0006866455,17360.0006103516,15510.0002288818,15779.9997329712,15699.9998092651,15119.9998855591,14550.0001907349,13109.9996566772,13140.0003433228,13899.9996185303,14119.9998855591,14069.9996948242,13600.0003814697,..,..
CO2 emissions (kt),EN.ATM.CO2E.KT,Solomon Islands,SLB,150,340.000003576279,340.000003576279,340.000003576279,319.999992847443,330.000013113022,340.000003576279,349.999994039536,349.999994039536,389.999985694885,340.000003576279,310.000002384186,360.000014305115,349.999994039536,360.000014305115,360.000014305115,..,..
CO2 emissions (kt),EN.ATM.CO2E.KT,Somalia,SOM,730,579.999983310699,579.999983310699,620.000004768372,620.000004768372,610.000014305115,629.999995231628,629.999995231628,629.999995231628,649.999976158142,649.999976158142,649.999976158142,660.000026226044,660.000026226044,660.000026226044,689.999997615814,..,..
CO2 emissions (kt),EN.ATM.CO2E.KT,South Africa,ZAF,247660,377649.993896484,379790.008544922,397059.997558594,426739.990234375,404200.012207031,425309.997558594,409260.009765625,426779.998779297,436920.013427734,447929.992675781,424809.997558594,425140.014648438,435649.993896484,434350.006103516,439640.014648438,..,..
CO2 emissions (kt),EN.ATM.CO2E.KT,South Sudan,SSD,430,910.000026226044,1000,1169.99995708466,1240.00000953674,1289.99996185303,1309.99994277954,1279.99997138977,1419.99995708466,1450.00004768372,1529.99997138977,1970.00002861023,1730.00001907349,1519.99998092651,1549.99995231628,1700.00004768372,..,..
CO2 emissions (kt),EN.ATM.CO2E.KT,Spain,ESP,214950,350500,341779.998779297,354679.992675781,324269.989013672,287489.990234375,273250,274399.993896484,269269.989013672,242809.997558594,240960.006713867,256279.998779297,247029.998779297,263450.012207031,257040.008544922,239979.995727539,..,..
CO2 emissions (kt),EN.ATM.CO2E.KT,Sri Lanka,LKA,3840,13979.9995422363,12399.9996185303,13590.0001525879,12810.0004196167,12289.999961853,13069.9996948242,15420.0000762939,16850.0003814697,14479.9995422363,17600.0003814697,20360.0006103516,21930.0003051758,23360.0006103516,21690.0005340576,23780.0006866455,..,..
CO2 emissions (kt),EN.ATM.CO2E.KT,St. Kitts and Nevis,KNA,110,219.999998807907,230.000004172325,250,250,699.999988079071,239.999994635582,280.000001192093,340.000003576279,230.000004172325,230.000004172325,239.999994635582,239.999994635582,239.999994635582,250,250,..,..
CO2 emissions (kt),EN.ATM.CO2E.KT,St. Lucia,LCA,190,439.999997615814,479.999989271164,479.999989271164,490.000009536743,1370.00000476837,529.999971389771,589.999973773956,750,509.999990463257,509.999990463257,500,509.999990463257,529.999971389771,529.999971389771,540.000021457672,..,..
CO2 emissions (kt),EN.ATM.CO2E.KT,St. Martin (French part),MAF,..,..,..,..,..,..,..,..,..,..,..,..,..,..,..,..,..,..
CO2 emissions (kt),EN.ATM.CO2E.KT,St. Vincent and the Grenadines,VCT,80,250,250,270.000010728836,250,889.999985694885,250,270.000010728836,360.000014305115,230.000004172325,270.000010728836,250,259.999990463257,230.000004172325,250,259.999990463257,..,..
CO2 emissions (kt),EN.ATM.CO2E.KT,Sudan,SDN,5370,10500,12899.9996185303,13960.000038147,14949.9998092651,15479.9995422363,16420.0000762939,15920.0000762939,15800.0001907349,15220.0002670288,16120.0008392334,18709.9990844727,21129.9991607666,20959.9990844727,20860.0006103516,20620.0008392334,..,..
CO2 emissions (kt),EN.ATM.CO2E.KT,Suriname,SUR,1760,1690.00005722046,1529.99997138977,1409.9999666214,1460.00003814697,1450.00004768372,1740.00000953674,1950.00004768372,2440.00005722046,2289.99996185303,2619.99988555908,2720.00002861023,2950.00004768372,2500,2210.00003814697,2650.00009536743,..,..
CO2 emissions (kt),EN.ATM.CO2E.KT,Sweden,SWE,53350,50209.9990844727,48900.0015258789,47139.9993896484,46150.0015258789,42880.0010681152,48130.0010681152,44580.0018310547,42139.9993896484,40540.0009155273,39080.0018310547,39189.998626709,38779.9987792969,38290.0009155273,36009.9983215332,35000,..,..
CO2 emissions (kt),EN.ATM.CO2E.KT,Switzerland,CHE,43330,45849.9984741211,45479.9995422363,43540.0009155273,44959.9990844727,43669.9981689453,45209.9990844727,41189.998626709,42520.0004577637,43529.9987792969,39790.0009155273,39090.0001525879,39669.9981689453,38700.0007629395,37479.9995422363,37380.0010681152,..,..
CO2 emissions (kt),EN.ATM.CO2E.KT,Syrian Arab Republic,SYR,32390,57220.0012207031,60209.9990844727,63599.9984741211,65279.9987792969,60700.0007629395,61090.0001525879,56919.9981689453,47029.9987792969,30700.0007629395,26610.0006103516,25270.0004577637,26340.0001525879,29340.0001525879,27389.9993896484,25709.9990844727,..,..
CO2 emissions (kt),EN.ATM.CO2E.KT,Tajikistan,TJK,11020,2470.00002861023,2690.00005722046,3269.99998092651,3039.99996185303,2410.00008583069,2450.00004768372,2559.99994277954,3019.99998092651,3200.00004768372,4579.99992370605,4900.00009536743,6090.00015258789,7369.99988555908,8680.00030517578,9420.00007629395,..,..
CO2 emissions (kt),EN.ATM.CO2E.KT,Tanzania,TZA,1890,5659.99984741211,6050.00019073486,5909.99984741211,6079.99992370605,5929.99982833862,6909.99984741211,8189.9995803833,9869.99988555908,10810.0004196167,10710.000038147,11689.9995803833,11199.9998092651,11829.9999237061,12000,12449.9998092651,..,..
CO2 emissions (kt),EN.ATM.CO2E.KT,Thailand,THA,89220,217770.004272461,219880.004882813,224589.996337891,227580.001831055,220259.994506836,234380.004882813,233600.006103516,250679.992675781,260700.012207031,256799.987792969,264000,261600.006103516,258820.007324219,257049.987792969,267089.996337891,..,..
CO2 emissions (kt),EN.ATM.CO2E.KT,Timor-Leste,TLS,..,209.999993443489,200.000002980232,200.000002980232,209.999993443489,230.000004172325,239.999994635582,250,300.000011920929,460.00000834465,529.999971389771,519.999980926514,600.000023841858,610.000014305115,610.000014305115,620.000004768372,..,..
CO2 emissions (kt),EN.ATM.CO2E.KT,Togo,TGO,980,1750,1570.00005245209,1500,1570.00005245209,2819.9999332428,2630.00011444092,2519.99998092651,2240.00000953674,1750,1590.0000333786,1830.00004291534,2299.99995231628,2069.9999332428,2309.99994277954,2369.99988555908,..,..
CO2 emissions (kt),EN.ATM.CO2E.KT,Tonga,TON,80,129.999995231628,150.000005960464,129.999995231628,129.999995231628,140.000000596046,119.999997317791,109.999999403954,109.999999403954,119.999997317791,109.999999403954,119.999997317791,150.000005960464,180.000007152557,159.999996423721,159.999996423721,..,..
CO2 emissions (kt),EN.ATM.CO2E.KT,Trinidad and Tobago,TTO,13150,17590.0001525879,20059.9994659424,20500,20020.0004577637,19040.0009155273,21459.9990844727,22260.0002288818,21520.0004577637,22209.9990844727,22040.0009155273,21329.9999237061,18309.9994659424,18250,17780.0006866455,17190.0005340576,..,..
CO2 emissions (kt),EN.ATM.CO2E.KT,Tunisia,TUN,14540,22969.9993133545,23899.9996185303,24750,25250,25290.0009155273,27520.0004577637,26340.0001525879,27790.0009155273,27850.0003814697,29950.0007629395,30479.9995422363,29610.0006103516,29959.9990844727,29889.9993896484,29909.9998474121,..,..
CO2 emissions (kt),EN.ATM.CO2E.KT,Turkiye,TUR,139200,235000,261079.986572266,288970.001220703,287190.002441406,287829.986572266,297109.985351563,317720.001220703,328880.004882813,318170.013427734,340640.014648438,351589.996337891,374589.996337891,415899.993896484,411730.010986328,396839.996337891,..,..
CO2 emissions (kt),EN.ATM.CO2E.KT,Turkmenistan,TKM,44650,50590.0001525879,51919.9981689453,58479.9995422363,59279.9987792969,52389.9993896484,59180.0003051758,65449.9969482422,69010.0021362305,70220.0012207031,71400.0015258789,73400.0015258789,73339.9963378906,73120.002746582,73050.0030517578,72870.002746582,..,..
CO2 emissions (kt),EN.ATM.CO2E.KT,Turks and Caicos Islands,TCA,..,..,..,..,..,..,..,..,..,..,..,..,..,..,..,..,..,..
CO2 emissions (kt),EN.ATM.CO2E.KT,Tuvalu,TUV,10,9.99999977648258,9.99999977648258,9.99999977648258,9.99999977648258,9.99999977648258,9.99999977648258,9.99999977648258,9.99999977648258,9.99999977648258,9.99999977648258,9.99999977648258,9.99999977648258,9.99999977648258,9.99999977648258,9.99999977648258,..,..
CO2 emissions (kt),EN.ATM.CO2E.KT,Uganda,UGA,790,2019.99998092651,2400.00009536743,2869.99988555908,2970.00002861023,3359.99989509583,3329.99992370605,3740.00000953674,3779.99997138977,3690.00005722046,4110.0001335144,4719.99979019165,4949.99980926514,5170.00007629395,5860.0001335144,5860.0001335144,..,..
CO2 emissions (kt),EN.ATM.CO2E.KT,Ukraine,UKR,688620,295410.003662109,303989.990234375,312140.014648438,301200.012207031,251619.995117188,268920.013427734,283339.996337891,277109.985351563,270269.989013672,237729.995727539,191070.007324219,201660.003662109,174940.002441406,185619.995117188,174729.995727539,..,..
CO2 emissions (kt),EN.ATM.CO2E.KT,United Arab Emirates,ARE,55210,116459.999084473,121559.997558594,131830.001831055,156050.003051758,157020.004272461,162789.993286133,165600.006103516,175589.996337891,184470.001220703,184759.994506836,195240.005493164,201080.001831055,197039.993286133,177119.995117188,188860.000610352,..,..
CO2 emissions (kt),EN.ATM.CO2E.KT,United Kingdom,GBR,561770,540919.982910156,542059.997558594,530500,515340.026855469,466489.990234375,482440.002441406,445589.996337891,467779.998779297,453760.009765625,415600.006103516,401079.986572266,380809.997558594,367000,360730.010986328,348920.013427734,..,..
CO2 emissions (kt),EN.ATM.CO2E.KT,Uruguay,URY,3850,5420.00007629395,6329.99992370605,5849.99990463257,7750,7670.00007629395,6280.00020980835,7610.0001335144,8520.00045776367,7360.0001335144,6500,6639.9998664856,6519.99998092651,6099.99990463257,6539.99996185303,6489.99977111816,..,..
CO2 emissions (kt),EN.ATM.CO2E.KT,Uzbekistan,UZB,117770,119190.002441406,127360.000610352,122580.001831055,128880.004882813,116529.998779297,126239.99786377,128630.004882813,113139.999389648,111860.000610352,104870.002746582,99169.9981689453,105230.003356934,109529.998779297,112470.001220703,116709.999084473,..,..
CO2 emissions (kt),EN.ATM.CO2E.KT,Vanuatu,VUT,70,70.0000002980232,70.0000002980232,109.999999403954,100.000001490116,129.999995231628,129.999995231628,129.999995231628,119.999997317791,109.999999403954,159.999996423721,140.000000596046,180.000007152557,170.000001788139,209.999993443489,209.999993443489,..,..
CO2 emissions (kt),EN.ATM.CO2E.KT,"Venezuela, RB",VEN,101630,147380.004882813,147529.998779297,142389.999389648,151110.000610352,152589.996337891,164100.006103516,160039.993286133,181130.004882813,180429.992675781,179240.005493164,163130.004882813,151070.007324219,140820.007324219,132130.004882813,112339.996337891,..,..
CO2 emissions (kt),EN.ATM.CO2E.KT,Vietnam,VNM,19330,92370.002746582,94870.002746582,105139.999389648,117589.996337891,132289.993286133,151410.003662109,155970.001220703,155520.004272461,164300.003051758,180869.995117188,220649.993896484,223720.001220703,230449.996948242,285600.006103516,336489.990234375,..,..
CO2 emissions (kt),EN.ATM.CO2E.KT,Virgin Islands (U.S.),VIR,..,..,..,..,..,..,..,..,..,..,..,..,..,..,..,..,..,..
CO2 emissions (kt),EN.ATM.CO2E.KT,West Bank and Gaza,PSE,..,..,..,..,..,..,..,..,..,..,..,..,..,..,..,..,..,..
CO2 emissions (kt),EN.ATM.CO2E.KT,"Yemen, Rep.",YEM,6640,21110.0006103516,21920.0000762939,23270.0004577637,24219.9993133545,26569.9996948242,25430.0003051758,22950.0007629395,21010.0002288818,27829.9999237061,27430.0003051758,13550.0001907349,10850.0003814697,10010.0002288818,9720.00026702881,11100.0003814697,..,..
CO2 emissions (kt),EN.ATM.CO2E.KT,Zambia,ZMB,2740,2289.99996185303,2180.0000667572,1980.00001907349,2190.00005722046,2490.00000953674,2660.00008583069,3049.99995231628,4030.00020980835,4239.99977111816,4690.00005722046,4960.00003814697,5320.00017166138,6809.99994277954,7730.00001907349,6800.00019073486,..,..
CO2 emissions (kt),EN.ATM.CO2E.KT,Zimbabwe,ZWE,16540,10510.0002288818,9829.99992370605,9760.00022888184,7599.99990463257,7750,9600.00038146973,11409.9998474121,12010.0002288818,12279.9997329712,12079.9999237061,12430.0003051758,11020.0004577637,10340.0001525879,12380.0001144409,11760.0002288818,..,..
,,,,,,,,,,,,,,,,,,,,,
,,,,,,,,,,,,,,,,,,,,,
,,,,,,,,,,,,,,,,,,,,,
Data from database: World Development Indicators,,,,,,,,,,,,,,,,,,,,,
Last Updated: 03/30/2023,,,,,,,,,,,,,,,,,,,,,
